<?xml version="1.0" encoding="UTF-8" ?>
<XMLDB PATH="local/machine/db" VERSION="20130407" COMMENT="XMLDB file for local machine plugin"
       xmlns:xsi="http://www.w3.org/2001/XMLSchema-instance"
       xsi:noNamespaceSchemaLocation="../../../lib/xmldb/xmldb.xsd"
>
    <TABLES>
        <TABLE NAME="local_machine" COMMENT="each record is a machine">
            <FIELDS>
                <FIELD NAME="id" TYPE="int" LENGTH="10" NOTNULL="true" SEQUENCE="true"/>
                <FIELD NAME="machinetext" TYPE="text" NOTNULL="true" SEQUENCE="false"/>
                <FIELD NAME="machinetype" TYPE="text" NOTNULL="true" SEQUENCE="false"/>
            </FIELDS>
            <KEYS>
                <KEY NAME="primary" TYPE="primary" FIELDS="id"/>
            </KEYS>
        </TABLE>
        
    </TABLES>
</XMLDB>
